dataset,config,start_variant,kind,perturb_mode,original_precision,e0_precision,e10_precision,e20_precision,e30_precision,e40_precision,e50_precision,e60_precision,e70_precision,e80_precision,e90_precision,e100_precision
configuration_set,use_data/MODEL_175b-TP_8-PP_8-SP_0-OPTIM_no_shard-RECOMPUTE_0-OVERLAP_GR_0-MICRO_BATCH_1-GLOBAL_BATCH_8,START_3_para,communication,negative,0.9586582969550371,0.9586582969550371,0.9362736509707447,0.9196780808783163,0.887267947700864,0.910424077665372,0.8305810580363506,0.8464681350642804,0.8286006368867396,0.8136329666152662,0.7715976042573678,0.8219820510432374
configuration_set,use_data/MODEL_175b-TP_8-PP_8-SP_0-OPTIM_no_shard-RECOMPUTE_0-OVERLAP_GR_0-MICRO_BATCH_1-GLOBAL_BATCH_8,START_3_para,communication,positive,0.9586582969550371,0.9586582969550371,0.9872667986434531,0.9919798431525813,0.9371249992787261,0.9420157620441453,0.9181533772122161,0.8267504084364428,0.7658569275284415,0.8095369377653203,0.7501696286945122,0.737295652583958
configuration_set,use_data/MODEL_175b-TP_8-PP_8-SP_0-OPTIM_no_shard-RECOMPUTE_0-OVERLAP_GR_0-MICRO_BATCH_1-GLOBAL_BATCH_8,START_3_para,communication,symmetric,0.9586582969550371,0.9586582969550371,0.9848026317984248,0.9338890792610368,0.9915473461328447,0.9475887786358411,0.9823255659506138,0.9129610025784402,0.9980177338023137,0.9576587730934918,0.8881309521530939,0.8009719117164158
configuration_set,use_data/MODEL_175b-TP_8-PP_8-SP_0-OPTIM_no_shard-RECOMPUTE_0-OVERLAP_GR_0-MICRO_BATCH_1-GLOBAL_BATCH_8,START_3_para,gpu,negative,0.9586582969550371,0.9586582969550371,0.9586582969550371,0.9586582969550371,0.9586582969550371,0.9586582969550371,0.9586582969550371,0.9586582969550371,0.9586582969550371,0.9586582969550371,0.9586582969550371,0.9586582969550371
configuration_set,use_data/MODEL_175b-TP_8-PP_8-SP_0-OPTIM_no_shard-RECOMPUTE_0-OVERLAP_GR_0-MICRO_BATCH_1-GLOBAL_BATCH_8,START_3_para,gpu,positive,0.9586582969550371,0.9586582969550371,0.9608854960760749,0.9633320932545892,0.9661664046674514,0.9697994504995631,0.9729718159812655,0.9765547882439318,0.9791579955105626,0.9831423775533003,0.9869199975673683,0.9913132654081378
configuration_set,use_data/MODEL_175b-TP_8-PP_8-SP_0-OPTIM_no_shard-RECOMPUTE_0-OVERLAP_GR_0-MICRO_BATCH_1-GLOBAL_BATCH_8,START_3_para,gpu,symmetric,0.9586582969550371,0.9586582969550371,0.9596713296164097,0.9606217987133419,0.9622557059768744,0.9633650529607032,0.9647979584648263,0.9654515004760944,0.9680586044449149,0.9689142412592348,0.9691387206374898,0.9725997911257911
configuration_set,use_data/MODEL_175b-TP_8-PP_8-SP_0-OPTIM_no_shard-RECOMPUTE_0-OVERLAP_GR_0-MICRO_BATCH_1-GLOBAL_BATCH_8,START_5_para,communication,negative,0.9631874681287973,0.9631874681287973,0.9285662500008202,0.9249567362766722,0.8738551858686046,0.9228213210618292,0.8400479984068574,0.8588703117189542,0.8137259523544302,0.8260507450309132,0.7840076541488106,0.8325608218435341
configuration_set,use_data/MODEL_175b-TP_8-PP_8-SP_0-OPTIM_no_shard-RECOMPUTE_0-OVERLAP_GR_0-MICRO_BATCH_1-GLOBAL_BATCH_8,START_5_para,communication,positive,0.9631874681287973,0.9631874681287973,0.9996441739319372,0.992007265849892,0.951994450154048,0.9398681534238784,0.9105250452127654,0.8143730331479591,0.7534742308951501,0.7971542411320289,0.764877937341762,0.7249129559506666
configuration_set,use_data/MODEL_175b-TP_8-PP_8-SP_0-OPTIM_no_shard-RECOMPUTE_0-OVERLAP_GR_0-MICRO_BATCH_1-GLOBAL_BATCH_8,START_5_para,communication,symmetric,0.9631874681287973,0.9631874681287973,0.9685002865655868,0.9462724975406149,0.9821941382845703,0.9351995953743923,0.989702954588759,0.9005657180567093,0.9856579687163192,0.9558827918690196,0.8792189761210807,0.8076924868291498
configuration_set,use_data/MODEL_175b-TP_8-PP_8-SP_0-OPTIM_no_shard-RECOMPUTE_0-OVERLAP_GR_0-MICRO_BATCH_1-GLOBAL_BATCH_8,START_5_para,gpu,negative,0.9631874681287973,0.9631874681287973,0.9631874162512635,0.963187368337172,0.9631873263525855,0.9631873865510592,0.9631874564552465,0.9631872498911483,0.9631873438615146,0.963187127380361,0.9631872398383372,0.9631873243595327
configuration_set,use_data/MODEL_175b-TP_8-PP_8-SP_0-OPTIM_no_shard-RECOMPUTE_0-OVERLAP_GR_0-MICRO_BATCH_1-GLOBAL_BATCH_8,START_5_para,gpu,positive,0.9631874681287973,0.9631874681287973,0.9648439509542354,0.966677771349392,0.9690524376981103,0.9718855378642797,0.9750628143440924,0.9770913287280621,0.9809397679947212,0.9827217104748693,0.9863438672249031,0.989449674568211
configuration_set,use_data/MODEL_175b-TP_8-PP_8-SP_0-OPTIM_no_shard-RECOMPUTE_0-OVERLAP_GR_0-MICRO_BATCH_1-GLOBAL_BATCH_8,START_5_para,gpu,symmetric,0.9631874681287973,0.9631874681287973,0.964016813080201,0.9645131906371999,0.9655113756908172,0.9669571398049757,0.9681088590892665,0.9688712846462507,0.9700581102080663,0.9716322727731337,0.9720317822016753,0.973235217423839
configuration_set,use_data/MODEL_175b-TP_8-PP_8-SP_0-OPTIM_no_shard-RECOMPUTE_0-OVERLAP_GR_1-MICRO_BATCH_1-GLOBAL_BATCH_8,START_3_para,communication,negative,0.9481829147745037,0.9481829147745037,0.932719340127496,0.9135180293476068,0.8859165394077255,0.8855756042250837,0.8668841578513706,0.8662054861805494,0.8461624391235543,0.8206885037861146,0.8543083169057273,0.7956935603973926
configuration_set,use_data/MODEL_175b-TP_8-PP_8-SP_0-OPTIM_no_shard-RECOMPUTE_0-OVERLAP_GR_1-MICRO_BATCH_1-GLOBAL_BATCH_8,START_3_para,communication,positive,0.9481829147745037,0.9481829147745037,0.9737552256323593,0.9804460965472773,0.9638455583968621,0.9286628447112822,0.9040655576039421,0.897981216129479,0.7762299394791206,0.8356798608193432,0.6960551709546423,0.7019918733969969
configuration_set,use_data/MODEL_175b-TP_8-PP_8-SP_0-OPTIM_no_shard-RECOMPUTE_0-OVERLAP_GR_1-MICRO_BATCH_1-GLOBAL_BATCH_8,START_3_para,communication,symmetric,0.9481829147745037,0.9481829147745037,0.937852594290077,0.9476080209575891,0.9578934185649145,0.9959253276556267,0.9924487807785809,0.947704234116926,0.9264695069936545,0.843416075906017,0.7029123180283722,0.821932544435761
configuration_set,use_data/MODEL_175b-TP_8-PP_8-SP_0-OPTIM_no_shard-RECOMPUTE_0-OVERLAP_GR_1-MICRO_BATCH_1-GLOBAL_BATCH_8,START_3_para,gpu,negative,0.9481829147745037,0.9481829147745037,0.9481829147745037,0.9481829147745037,0.9481829147745037,0.9481829147745037,0.9481829147745037,0.9481829147745037,0.9481829147745037,0.9481829147745037,0.9481829147745037,0.9481829147745037
configuration_set,use_data/MODEL_175b-TP_8-PP_8-SP_0-OPTIM_no_shard-RECOMPUTE_0-OVERLAP_GR_1-MICRO_BATCH_1-GLOBAL_BATCH_8,START_3_para,gpu,positive,0.9481829147745037,0.9481829147745037,0.9505107273884722,0.9531927560328514,0.9561669341548168,0.9599842717081646,0.963144352521374,0.9668948430377724,0.9695100646368596,0.9738165511796071,0.9780931998883132,0.9827681521011373
configuration_set,use_data/MODEL_175b-TP_8-PP_8-SP_0-OPTIM_no_shard-RECOMPUTE_0-OVERLAP_GR_1-MICRO_BATCH_1-GLOBAL_BATCH_8,START_3_para,gpu,symmetric,0.9481829147745037,0.9481829147745037,0.9492872958810703,0.9503413260919709,0.9517024594378586,0.9530690231910185,0.9546720739446901,0.9555679833830959,0.9579251726548533,0.9590411519521035,0.9592064147855863,0.9624645142208015
configuration_set,use_data/MODEL_175b-TP_8-PP_8-SP_0-OPTIM_no_shard-RECOMPUTE_0-OVERLAP_GR_1-MICRO_BATCH_1-GLOBAL_BATCH_8,START_5_para,communication,negative,0.969130229477729,0.969130229477729,0.9844207581999677,0.9959265501663681,0.9573911455822286,0.9867563358737851,0.9680497092824845,0.9501999824355626,0.9172797026777082,0.8979451199721541,0.9554915140664623,0.8745125598642165
configuration_set,use_data/MODEL_175b-TP_8-PP_8-SP_0-OPTIM_no_shard-RECOMPUTE_0-OVERLAP_GR_1-MICRO_BATCH_1-GLOBAL_BATCH_8,START_5_para,communication,positive,0.969130229477729,0.969130229477729,0.9443792109048995,0.9000239765733947,0.8987224514275551,0.8468443002112536,0.8445031377594161,0.83848716837338,0.6959608225497217,0.7536678398041003,0.6368971466625835,0.642773749261372
configuration_set,use_data/MODEL_175b-TP_8-PP_8-SP_0-OPTIM_no_shard-RECOMPUTE_0-OVERLAP_GR_1-MICRO_BATCH_1-GLOBAL_BATCH_8,START_5_para,communication,symmetric,0.969130229477729,0.969130229477729,0.9827025491149085,0.9789606513533455,0.9773026638705147,0.9153607490570377,0.9089988232368797,0.880317373784734,0.8563537928687427,0.771120646305725,0.6017503987240724,0.7513713091405555
configuration_set,use_data/MODEL_175b-TP_8-PP_8-SP_0-OPTIM_no_shard-RECOMPUTE_0-OVERLAP_GR_1-MICRO_BATCH_1-GLOBAL_BATCH_8,START_5_para,gpu,negative,0.969130229477729,0.969130229477729,0.969130229477729,0.969130229477729,0.969130229477729,0.969130229477729,0.969130229477729,0.969130229477729,0.969130229477729,0.969130229477729,0.969130229477729,0.969130229477729
configuration_set,use_data/MODEL_175b-TP_8-PP_8-SP_0-OPTIM_no_shard-RECOMPUTE_0-OVERLAP_GR_1-MICRO_BATCH_1-GLOBAL_BATCH_8,START_5_para,gpu,positive,0.969130229477729,0.969130229477729,0.9673790598773958,0.965487166029832,0.9636080375026332,0.9606402640424044,0.9578897224770729,0.9544564785078041,0.9520815060987349,0.9484883610274519,0.9449953853503966,0.9411974489287503
configuration_set,use_data/MODEL_175b-TP_8-PP_8-SP_0-OPTIM_no_shard-RECOMPUTE_0-OVERLAP_GR_1-MICRO_BATCH_1-GLOBAL_BATCH_8,START_5_para,gpu,symmetric,0.969130229477729,0.969130229477729,0.9683753317791615,0.9675717685326704,0.9664976441814703,0.9657513779122308,0.9642032865819732,0.9635185878952,0.9615953903201437,0.9605941394067533,0.9606084706428706,0.9579197410841488
configuration_set,use_data/MODEL_175b-TP_8-PP_8-SP_0-OPTIM_no_shard-RECOMPUTE_1-OVERLAP_GR_0-MICRO_BATCH_1-GLOBAL_BATCH_8,START_3_para,communication,negative,0.9381389661817329,0.9381389661817329,0.9633711596547125,0.9859005903235086,0.9833629143239946,0.9471388157015971,0.9533140255689767,0.960033507071514,0.91087775372839,0.9009782678389069,0.8305973884184263,0.8958733689110214
configuration_set,use_data/MODEL_175b-TP_8-PP_8-SP_0-OPTIM_no_shard-RECOMPUTE_1-OVERLAP_GR_0-MICRO_BATCH_1-GLOBAL_BATCH_8,START_3_para,communication,positive,0.9381389661817329,0.9381389661817329,0.921457275969234,0.8837291531356507,0.8202503694458467,0.8261558048871896,0.8015894520982213,0.756167915142902,0.6765214314225249,0.6873940759038952,0.629881554319211,0.7054848997826977
configuration_set,use_data/MODEL_175b-TP_8-PP_8-SP_0-OPTIM_no_shard-RECOMPUTE_1-OVERLAP_GR_0-MICRO_BATCH_1-GLOBAL_BATCH_8,START_3_para,communication,symmetric,0.9381389661817329,0.9381389661817329,0.9135020504339594,0.9734711107385172,0.9549570756958304,0.917950843835731,0.9174259544825784,0.9698589781304562,0.8832920537902861,0.8405855082552711,0.8559960471935022,0.8352594757657981
configuration_set,use_data/MODEL_175b-TP_8-PP_8-SP_0-OPTIM_no_shard-RECOMPUTE_1-OVERLAP_GR_0-MICRO_BATCH_1-GLOBAL_BATCH_8,START_3_para,gpu,negative,0.9381389661817329,0.9381389661817329,0.9381389661817329,0.9381389661817329,0.9381389661817329,0.9381389661817329,0.9381389661817329,0.9381389661817329,0.9381389661817329,0.9381389661817329,0.9381389661817329,0.9381389661817329
configuration_set,use_data/MODEL_175b-TP_8-PP_8-SP_0-OPTIM_no_shard-RECOMPUTE_1-OVERLAP_GR_0-MICRO_BATCH_1-GLOBAL_BATCH_8,START_3_para,gpu,positive,0.9381389661817329,0.9381389661817329,0.9371542563806808,0.9357102090704996,0.9340438519142341,0.9320603659637294,0.9301808473716555,0.9273897143842601,0.9250858983300797,0.9231429894599084,0.9199984908991492,0.9177627445973353
configuration_set,use_data/MODEL_175b-TP_8-PP_8-SP_0-OPTIM_no_shard-RECOMPUTE_1-OVERLAP_GR_0-MICRO_BATCH_1-GLOBAL_BATCH_8,START_3_para,gpu,symmetric,0.9381389661817329,0.9381389661817329,0.937618888726655,0.936960298481818,0.9364503186199261,0.9354472869424917,0.9349806209380775,0.9343969397147723,0.9328631969239328,0.9315394234842358,0.9315337711588184,0.9294991264299554
configuration_set,use_data/MODEL_175b-TP_8-PP_8-SP_0-OPTIM_no_shard-RECOMPUTE_1-OVERLAP_GR_0-MICRO_BATCH_1-GLOBAL_BATCH_8,START_5_para,communication,negative,0.9301523414880364,0.9301523414880364,0.9553656706503998,0.9778951013191959,0.991501542526521,0.9850429927449199,0.9189868202042517,0.9196010723241412,0.9193655490501809,0.8779305122586484,0.8685246194253153,0.8704021520359977
configuration_set,use_data/MODEL_175b-TP_8-PP_8-SP_0-OPTIM_no_shard-RECOMPUTE_1-OVERLAP_GR_0-MICRO_BATCH_1-GLOBAL_BATCH_8,START_5_para,communication,positive,0.9301523414880364,0.9301523414880364,0.9135039148735992,0.8769280084537914,0.8122970083502119,0.8182140343779917,0.7991835722606261,0.7282703458745425,0.6671301141657343,0.679438127174756,0.6275043985555948,0.6276891386419816
configuration_set,use_data/MODEL_175b-TP_8-PP_8-SP_0-OPTIM_no_shard-RECOMPUTE_1-OVERLAP_GR_0-MICRO_BATCH_1-GLOBAL_BATCH_8,START_5_para,communication,symmetric,0.9301523414880364,0.9301523414880364,0.9055486893383246,0.9654736703183994,0.9248053229528216,0.852332530290076,0.973315592092316,0.8401802320996327,0.9039851024294654,0.9290422390685487,0.9079671542529939,0.7180069372010631
configuration_set,use_data/MODEL_175b-TP_8-PP_8-SP_0-OPTIM_no_shard-RECOMPUTE_1-OVERLAP_GR_0-MICRO_BATCH_1-GLOBAL_BATCH_8,START_5_para,gpu,negative,0.9301523414880364,0.9301523414880364,0.9301523414880364,0.9301523414880364,0.9301523414880364,0.9301523414880364,0.9301523414880364,0.9301523414880364,0.9301523414880364,0.9301523414880364,0.9301523414880364,0.9301523414880364
configuration_set,use_data/MODEL_175b-TP_8-PP_8-SP_0-OPTIM_no_shard-RECOMPUTE_1-OVERLAP_GR_0-MICRO_BATCH_1-GLOBAL_BATCH_8,START_5_para,gpu,positive,0.9301523414880364,0.9301523414880364,0.9291270610457587,0.9276802830906461,0.9258964531417153,0.9238197345412077,0.9220738993977055,0.9191617206329684,0.9167705126263371,0.9148655924875779,0.9117416763054921,0.9095494843621499
configuration_set,use_data/MODEL_175b-TP_8-PP_8-SP_0-OPTIM_no_shard-RECOMPUTE_1-OVERLAP_GR_0-MICRO_BATCH_1-GLOBAL_BATCH_8,START_5_para,gpu,symmetric,0.9301523414880364,0.9301523414880364,0.9296203185187509,0.928944053603885,0.9283879289948108,0.9273865197941696,0.9269047561752659,0.9263024634392502,0.9246951468104807,0.9234135498986797,0.9234107724357768,0.9214400326898071
configuration_set,use_data/MODEL_175b-TP_8-PP_8-SP_0-OPTIM_optim-RECOMPUTE_0-OVERLAP_GR_0-MICRO_BATCH_1-GLOBAL_BATCH_8,START_3_para,communication,negative,0.9635790317839471,0.9635790317839471,0.9934427576930085,0.9699476851754791,0.9658474758098623,0.9336772659646064,0.9212456025473494,0.8910768877043648,0.8741230450418997,0.9138330599212202,0.7684912106959617,0.8792604204120404
configuration_set,use_data/MODEL_175b-TP_8-PP_8-SP_0-OPTIM_optim-RECOMPUTE_0-OVERLAP_GR_0-MICRO_BATCH_1-GLOBAL_BATCH_8,START_3_para,communication,positive,0.9635790317839471,0.9635790317839471,0.9388998552868736,0.9025082389154875,0.8852822784406238,0.8810850803632471,0.8010440034802585,0.8296111144603738,0.7600426024679856,0.742967235150028,0.7527109547164332,0.7243667289569726
configuration_set,use_data/MODEL_175b-TP_8-PP_8-SP_0-OPTIM_optim-RECOMPUTE_0-OVERLAP_GR_0-MICRO_BATCH_1-GLOBAL_BATCH_8,START_3_para,communication,symmetric,0.9635790317839471,0.9635790317839471,0.9996989760982865,0.979584468156983,0.9940148490912384,0.9787926126933489,0.9079842991345125,0.864391424240516,0.8766264629942154,0.7876810059824807,0.9036868119503882,0.9718818547990895
configuration_set,use_data/MODEL_175b-TP_8-PP_8-SP_0-OPTIM_optim-RECOMPUTE_0-OVERLAP_GR_0-MICRO_BATCH_1-GLOBAL_BATCH_8,START_3_para,gpu,negative,0.9635790317839471,0.9635790317839471,0.9635790492726092,0.9635790726494491,0.9635791636273062,0.9635790734657306,0.9635792150574414,0.9635793635359255,0.9635793709791289,0.963579186905539,0.9635791181533383,0.9635791518725765
configuration_set,use_data/MODEL_175b-TP_8-PP_8-SP_0-OPTIM_optim-RECOMPUTE_0-OVERLAP_GR_0-MICRO_BATCH_1-GLOBAL_BATCH_8,START_3_para,gpu,positive,0.9635790317839471,0.9635790317839471,0.9620381230851994,0.9604333082035693,0.9580080385965026,0.9548349648511617,0.9520248543394727,0.9501866464385552,0.9458846382846883,0.9446265232269844,0.9400334411586312,0.9372523063918571
configuration_set,use_data/MODEL_175b-TP_8-PP_8-SP_0-OPTIM_optim-RECOMPUTE_0-OVERLAP_GR_0-MICRO_BATCH_1-GLOBAL_BATCH_8,START_3_para,gpu,symmetric,0.9635790317839471,0.9635790317839471,0.9628654861228932,0.9622087846115327,0.9616103307856826,0.9604330622452522,0.9587193165900139,0.9575367134146646,0.957027346277171,0.9554286382787338,0.9539246121032116,0.9521189588016522
configuration_set,use_data/MODEL_175b-TP_8-PP_8-SP_0-OPTIM_optim-RECOMPUTE_0-OVERLAP_GR_0-MICRO_BATCH_1-GLOBAL_BATCH_8,START_5_para,communication,negative,0.9971777687726109,0.9971777687726109,0.9729393471142109,0.9363231319358599,0.9322338945186985,0.8923699810470864,0.8876210493077302,0.9096689569158904,0.8524071436400503,0.8802081136874653,0.774261441506483,0.8416476681580355
configuration_set,use_data/MODEL_175b-TP_8-PP_8-SP_0-OPTIM_optim-RECOMPUTE_0-OVERLAP_GR_0-MICRO_BATCH_1-GLOBAL_BATCH_8,START_5_para,communication,positive,0.9971777687726109,0.9971777687726109,0.972488968352255,0.9360981255951513,0.9188712799002274,0.9000921286819161,0.8346333827275779,0.7922710847655445,0.7936323001399291,0.6950164109027154,0.771146118111193,0.7235536376770413
configuration_set,use_data/MODEL_175b-TP_8-PP_8-SP_0-OPTIM_optim-RECOMPUTE_0-OVERLAP_GR_0-MICRO_BATCH_1-GLOBAL_BATCH_8,START_5_para,communication,symmetric,0.9971777687726109,0.9971777687726109,0.9954837601788259,0.9789504604866544,0.9817767731362393,0.9860490131257034,0.9415832179632235,0.8979881462381584,0.9181047498308332,0.8213039371218922,0.8534130779125189,0.9219129313865997
configuration_set,use_data/MODEL_175b-TP_8-PP_8-SP_0-OPTIM_optim-RECOMPUTE_0-OVERLAP_GR_0-MICRO_BATCH_1-GLOBAL_BATCH_8,START_5_para,gpu,negative,0.9971777687726109,0.9971777687726109,0.9971778205782543,0.9971778684259477,0.9971779103523527,0.9971778502373011,0.9971777804299851,0.997177986707832,0.9971778928676872,0.997178109048847,0.997177996746712,0.9971779123426436
configuration_set,use_data/MODEL_175b-TP_8-PP_8-SP_0-OPTIM_optim-RECOMPUTE_0-OVERLAP_GR_0-MICRO_BATCH_1-GLOBAL_BATCH_8,START_5_para,gpu,positive,0.9971777687726109,0.9971777687726109,0.9955297249106159,0.9937179705222257,0.9913330876622434,0.9886118314525174,0.9856614983080957,0.983373033692171,0.9796586395150523,0.9779684620424643,0.9741901485456714,0.97068463704077
configuration_set,use_data/MODEL_175b-TP_8-PP_8-SP_0-OPTIM_optim-RECOMPUTE_0-OVERLAP_GR_0-MICRO_BATCH_1-GLOBAL_BATCH_8,START_5_para,gpu,symmetric,0.9971777687726109,0.9971777687726109,0.9962982569770574,0.9958575535931021,0.9948102147988891,0.9934714676635741,0.9922414974175338,0.9916604819644801,0.9905218168086024,0.9881927012498634,0.9886067447311602,0.9873471498232338
configuration_set,use_data/MODEL_175b-TP_8-PP_8-SP_1-OPTIM_no_shard-RECOMPUTE_0-OVERLAP_GR_0-MICRO_BATCH_1-GLOBAL_BATCH_8,START_3_para,communication,negative,0.9623804927744187,0.9623804927744187,0.992943824624107,0.9943327792658259,0.981394188513158,0.9440407416361849,0.9240591783365637,0.9399595815544621,0.8730560729897708,0.8827375374561613,0.8566949629199206,0.897259106176584
configuration_set,use_data/MODEL_175b-TP_8-PP_8-SP_1-OPTIM_no_shard-RECOMPUTE_0-OVERLAP_GR_0-MICRO_BATCH_1-GLOBAL_BATCH_8,START_3_para,communication,positive,0.9623804927744187,0.9623804927744187,0.933338282799261,0.8929657451322025,0.8703458740357741,0.8217206895529516,0.7634669684637294,0.7600384777843483,0.6679588537147856,0.6782062449556536,0.5968224178212712,0.5705994529533496
configuration_set,use_data/MODEL_175b-TP_8-PP_8-SP_1-OPTIM_no_shard-RECOMPUTE_0-OVERLAP_GR_0-MICRO_BATCH_1-GLOBAL_BATCH_8,START_3_para,communication,symmetric,0.9623804927744187,0.9623804927744187,0.9492730022650495,0.925080390135959,0.8884294491287007,0.88488208863106,0.8577955310218246,0.7821998917601496,0.8703611598298188,0.8510319985273014,0.8151126070505749,0.7275820698735096
configuration_set,use_data/MODEL_175b-TP_8-PP_8-SP_1-OPTIM_no_shard-RECOMPUTE_0-OVERLAP_GR_0-MICRO_BATCH_1-GLOBAL_BATCH_8,START_3_para,gpu,negative,0.9623804927744187,0.9623804927744187,0.9623804927744187,0.9623804927744187,0.9623804927744187,0.9623804927744187,0.9623804927744187,0.9623804927744187,0.9623804927744187,0.9623804927744187,0.9623804927744187,0.9623804927744187
configuration_set,use_data/MODEL_175b-TP_8-PP_8-SP_1-OPTIM_no_shard-RECOMPUTE_0-OVERLAP_GR_0-MICRO_BATCH_1-GLOBAL_BATCH_8,START_3_para,gpu,positive,0.9623804927744187,0.9623804927744187,0.961411331599297,0.9601155396658245,0.9591427522868254,0.9579706427887509,0.9571607740127305,0.9559732079437643,0.9546489230299924,0.9537176311799282,0.9511916097052963,0.9493018194030909
configuration_set,use_data/MODEL_175b-TP_8-PP_8-SP_1-OPTIM_no_shard-RECOMPUTE_0-OVERLAP_GR_0-MICRO_BATCH_1-GLOBAL_BATCH_8,START_3_para,gpu,symmetric,0.9623804927744187,0.9623804927744187,0.9619730049892191,0.9614770797763134,0.9609332563370013,0.9604734557351344,0.9601509780332866,0.9599111188544136,0.9591088701538362,0.958505630316245,0.9573540664228216,0.9569978055531269
configuration_set,use_data/MODEL_175b-TP_8-PP_8-SP_1-OPTIM_no_shard-RECOMPUTE_0-OVERLAP_GR_0-MICRO_BATCH_1-GLOBAL_BATCH_8,START_5_para,communication,negative,0.96384474289378,0.96384474289378,0.9985934244121483,0.9927699277361234,0.9796423815579824,0.9543694214476793,0.9027034502811175,0.947999129673265,0.8739503696735283,0.8794275327624979,0.8519955705107736,0.8614010065580069
configuration_set,use_data/MODEL_175b-TP_8-PP_8-SP_1-OPTIM_no_shard-RECOMPUTE_0-OVERLAP_GR_0-MICRO_BATCH_1-GLOBAL_BATCH_8,START_5_para,communication,positive,0.96384474289378,0.96384474289378,0.9347297194504118,0.8996533118194272,0.8476706922369242,0.8136884079236544,0.7987709881303274,0.764329513774102,0.6483034073758307,0.6834915233811419,0.6015798882573378,0.5784880180623564
configuration_set,use_data/MODEL_175b-TP_8-PP_8-SP_1-OPTIM_no_shard-RECOMPUTE_0-OVERLAP_GR_0-MICRO_BATCH_1-GLOBAL_BATCH_8,START_5_para,communication,symmetric,0.96384474289378,0.96384474289378,0.9452956888217933,0.9395266541964457,0.9201269090790716,0.8505118780359503,0.8497900757106684,0.8265824962682052,0.8177260557452899,0.9123596159510149,0.863245781897146,0.750738524289496
configuration_set,use_data/MODEL_175b-TP_8-PP_8-SP_1-OPTIM_no_shard-RECOMPUTE_0-OVERLAP_GR_0-MICRO_BATCH_1-GLOBAL_BATCH_8,START_5_para,gpu,negative,0.96384474289378,0.96384474289378,0.96384474289378,0.96384474289378,0.96384474289378,0.96384474289378,0.96384474289378,0.96384474289378,0.96384474289378,0.96384474289378,0.96384474289378,0.96384474289378
configuration_set,use_data/MODEL_175b-TP_8-PP_8-SP_1-OPTIM_no_shard-RECOMPUTE_0-OVERLAP_GR_0-MICRO_BATCH_1-GLOBAL_BATCH_8,START_5_para,gpu,positive,0.96384474289378,0.96384474289378,0.962889787909026,0.961606869734216,0.9605996262020334,0.9594042454309992,0.9583174446471197,0.9574593626213,0.9558261502769295,0.9541949708850301,0.9524127308373664,0.9507508624462496
configuration_set,use_data/MODEL_175b-TP_8-PP_8-SP_1-OPTIM_no_shard-RECOMPUTE_0-OVERLAP_GR_0-MICRO_BATCH_1-GLOBAL_BATCH_8,START_5_para,gpu,symmetric,0.96384474289378,0.96384474289378,0.963430909830834,0.9629790687952514,0.9624186604833561,0.9619089082243145,0.9616119735879451,0.9613196764385447,0.9606256982314318,0.9598169356555128,0.9588449209663974,0.9581402351241337
configuration_set,use_data/MODEL_175b-TP_8-PP_8-SP_1-OPTIM_optim-RECOMPUTE_1-OVERLAP_GR_1-MICRO_BATCH_1-GLOBAL_BATCH_8,START_3_para,communication,negative,0.9731514806728129,0.9731514806728129,0.9966804102485854,0.9945740347054576,0.9717085139175782,0.9296938065877552,0.9168508900729165,0.876441747479257,0.9294602171895985,0.8836091530955237,0.8953154948680632,0.8123257333477686
configuration_set,use_data/MODEL_175b-TP_8-PP_8-SP_1-OPTIM_optim-RECOMPUTE_1-OVERLAP_GR_1-MICRO_BATCH_1-GLOBAL_BATCH_8,START_3_para,communication,positive,0.9731514806728129,0.9731514806728129,0.9369260155225815,0.9032098783495118,0.8504290256535656,0.8348153097691445,0.8026825768693943,0.7802348137451128,0.7125604070027716,0.6994716932326421,0.6183153437988931,0.5810753923450548
configuration_set,use_data/MODEL_175b-TP_8-PP_8-SP_1-OPTIM_optim-RECOMPUTE_1-OVERLAP_GR_1-MICRO_BATCH_1-GLOBAL_BATCH_8,START_3_para,communication,symmetric,0.9731514806728129,0.9731514806728129,0.9635429141440975,0.9471487847131441,0.9469996577252763,0.9639426942644581,0.9156688764136037,0.8371811408473085,0.8140839473503141,0.7933897555854081,0.7940942743913035,0.9032928722583868
configuration_set,use_data/MODEL_175b-TP_8-PP_8-SP_1-OPTIM_optim-RECOMPUTE_1-OVERLAP_GR_1-MICRO_BATCH_1-GLOBAL_BATCH_8,START_3_para,gpu,negative,0.9731514806728129,0.9731514806728129,0.9731514806728129,0.9731514806728129,0.9731514806728129,0.9731514806728129,0.9731514806728129,0.9731514806728129,0.9731514806728129,0.9731514806728129,0.9731514806728129,0.9731514806728129
configuration_set,use_data/MODEL_175b-TP_8-PP_8-SP_1-OPTIM_optim-RECOMPUTE_1-OVERLAP_GR_1-MICRO_BATCH_1-GLOBAL_BATCH_8,START_3_para,gpu,positive,0.9731514806728129,0.9731514806728129,0.9722254781870376,0.9710617445691038,0.9701325591651868,0.969120695554357,0.967515765635614,0.9670285409726156,0.9654278071728898,0.9635631576678761,0.9610227093967214,0.9597251070613516
configuration_set,use_data/MODEL_175b-TP_8-PP_8-SP_1-OPTIM_optim-RECOMPUTE_1-OVERLAP_GR_1-MICRO_BATCH_1-GLOBAL_BATCH_8,START_3_para,gpu,symmetric,0.9731514806728129,0.9731514806728129,0.9727495568199904,0.9723421746915324,0.9717453499584251,0.9710335008378962,0.9709391537155807,0.9706651556427146,0.9694526871871392,0.9688932296073315,0.9688486793306681,0.9671586621996066
configuration_set,use_data/MODEL_175b-TP_8-PP_8-SP_1-OPTIM_optim-RECOMPUTE_1-OVERLAP_GR_1-MICRO_BATCH_1-GLOBAL_BATCH_8,START_5_para,communication,negative,0.9925868237691244,0.9925868237691244,0.9585679373012944,0.9604745479692623,0.9379228247934759,0.8935172649023871,0.8634008917464966,0.8408209105860371,0.8779100345810805,0.8473632549087778,0.8780504863193913,0.7753899194515776
configuration_set,use_data/MODEL_175b-TP_8-PP_8-SP_1-OPTIM_optim-RECOMPUTE_1-OVERLAP_GR_1-MICRO_BATCH_1-GLOBAL_BATCH_8,START_5_para,communication,positive,0.9925868237691244,0.9925868237691244,0.9718201557478198,0.9541151972594808,0.8942399960783819,0.8764008793727494,0.8460187763249238,0.818007685381215,0.7502701064673365,0.7143910365242256,0.6561397210563097,0.6250838286924323
configuration_set,use_data/MODEL_175b-TP_8-PP_8-SP_1-OPTIM_optim-RECOMPUTE_1-OVERLAP_GR_1-MICRO_BATCH_1-GLOBAL_BATCH_8,START_5_para,communication,symmetric,0.9925868237691244,0.9925868237691244,0.9977659608219691,0.9984661749141105,0.9855274183509426,0.9921489314743994,0.9671867541679866,0.8529606244628666,0.8622997593075111,0.8452294111919634,0.8459221786631547,0.9508002266476313
configuration_set,use_data/MODEL_175b-TP_8-PP_8-SP_1-OPTIM_optim-RECOMPUTE_1-OVERLAP_GR_1-MICRO_BATCH_1-GLOBAL_BATCH_8,START_5_para,gpu,negative,0.9925868237691244,0.9925868237691244,0.9925868237691244,0.9925868237691244,0.9925868237691244,0.9925868237691244,0.9925868237691244,0.9925868237691244,0.9925868237691244,0.9925868237691244,0.9925868237691244,0.9925868237691244
configuration_set,use_data/MODEL_175b-TP_8-PP_8-SP_1-OPTIM_optim-RECOMPUTE_1-OVERLAP_GR_1-MICRO_BATCH_1-GLOBAL_BATCH_8,START_5_para,gpu,positive,0.9925868237691244,0.9925868237691244,0.9935185480210126,0.9946756611181158,0.9955968473310137,0.9966091111983607,0.9982504209459394,0.9990635033532191,0.9991909723176567,0.996905312721774,0.994205224921645,0.9925840661492447
configuration_set,use_data/MODEL_175b-TP_8-PP_8-SP_1-OPTIM_optim-RECOMPUTE_1-OVERLAP_GR_1-MICRO_BATCH_1-GLOBAL_BATCH_8,START_5_para,gpu,symmetric,0.9925868237691244,0.9925868237691244,0.9929922267913306,0.9934018333248742,0.9939883897353026,0.9946918324158847,0.9948034968368895,0.9950462451198648,0.9963963122827294,0.9969542573519082,0.9972427076722934,0.9987904174634687
moe_balance,use_data/MODEL_8x7b-TP_1-PP_8-EP_8-SP_0-OPTIM_no_shard-RECOMPUTE_0-OVERLAP_GR_0-EXPERT_NUM_8-ETP_1-MICRO_BATCH_SIZE_4-GLOBAL_BATCH_64-MOE_BALANCE_1,START_26,communication,negative,0.9168288122201408,0.9168288122201408,0.9004691525889527,0.8765781388348418,0.8052429385561388,0.8112571306212882,0.7814583179838092,0.7378983703892694,0.8252832745514567,0.6087708512423144,0.7788883729311031,0.6460430602659221
moe_balance,use_data/MODEL_8x7b-TP_1-PP_8-EP_8-SP_0-OPTIM_no_shard-RECOMPUTE_0-OVERLAP_GR_0-EXPERT_NUM_8-ETP_1-MICRO_BATCH_SIZE_4-GLOBAL_BATCH_64-MOE_BALANCE_1,START_26,communication,positive,0.9168288122201408,0.9168288122201408,0.9686887044257456,0.9974318271253775,0.9600936718581282,0.9152709637511862,0.7779432636192547,0.7491208929493411,0.6479334545146672,0.5233199076280026,0.7055753179820562,0.5490380265990532
moe_balance,use_data/MODEL_8x7b-TP_1-PP_8-EP_8-SP_0-OPTIM_no_shard-RECOMPUTE_0-OVERLAP_GR_0-EXPERT_NUM_8-ETP_1-MICRO_BATCH_SIZE_4-GLOBAL_BATCH_64-MOE_BALANCE_1,START_26,communication,symmetric,0.9168288122201408,0.9168288122201408,0.9561315438693432,0.9645398481214562,0.982530226912068,0.8956532699681022,0.9702260072016642,0.9955693798963707,0.9021464515461355,0.7521015842714514,0.9984690696989105,0.8297662285941234
moe_balance,use_data/MODEL_8x7b-TP_1-PP_8-EP_8-SP_0-OPTIM_no_shard-RECOMPUTE_0-OVERLAP_GR_0-EXPERT_NUM_8-ETP_1-MICRO_BATCH_SIZE_4-GLOBAL_BATCH_64-MOE_BALANCE_1,START_26,gpu,negative,0.9168288122201408,0.9168288122201408,0.9168269975948359,0.916825228214841,0.9168234193115924,0.916821619998511,0.9168220801626121,0.9168174475459282,0.916815811361569,0.916814778176513,0.916813902613463,0.9168142808808616
moe_balance,use_data/MODEL_8x7b-TP_1-PP_8-EP_8-SP_0-OPTIM_no_shard-RECOMPUTE_0-OVERLAP_GR_0-EXPERT_NUM_8-ETP_1-MICRO_BATCH_SIZE_4-GLOBAL_BATCH_64-MOE_BALANCE_1,START_26,gpu,positive,0.9168288122201408,0.9168288122201408,0.9175730826302018,0.9185672584611353,0.9190543235853855,0.9207769647523284,0.9211860411480292,0.9231225701127153,0.9238547634994099,0.9250567838850867,0.9263076594375086,0.9278055839441195
moe_balance,use_data/MODEL_8x7b-TP_1-PP_8-EP_8-SP_0-OPTIM_no_shard-RECOMPUTE_0-OVERLAP_GR_0-EXPERT_NUM_8-ETP_1-MICRO_BATCH_SIZE_4-GLOBAL_BATCH_64-MOE_BALANCE_1,START_26,gpu,symmetric,0.9168288122201408,0.9168288122201408,0.9172069651824424,0.9174467308011284,0.9177467875722136,0.9182992240834847,0.9186091658513171,0.9183026990547251,0.9193624534790401,0.9197034271991268,0.9198814325495065,0.9215167880587235
moe_balance,use_data/MODEL_8x7b-TP_1-PP_8-EP_8-SP_0-OPTIM_no_shard-RECOMPUTE_0-OVERLAP_GR_0-EXPERT_NUM_8-ETP_1-MICRO_BATCH_SIZE_4-GLOBAL_BATCH_64-MOE_BALANCE_1,START_27,communication,negative,0.9141504137843794,0.9141504137843794,0.8977907541531914,0.8769552307583238,0.7920606228118772,0.808578732185527,0.7809557327891302,0.7382754623127514,0.8226048761156953,0.6093002480251448,0.7811822647047022,0.6457491861050095
moe_balance,use_data/MODEL_8x7b-TP_1-PP_8-EP_8-SP_0-OPTIM_no_shard-RECOMPUTE_0-OVERLAP_GR_0-EXPERT_NUM_8-ETP_1-MICRO_BATCH_SIZE_4-GLOBAL_BATCH_64-MOE_BALANCE_1,START_27,communication,positive,0.9141504137843794,0.9141504137843794,0.9660103059899844,0.9947534286896162,0.9732759876023899,0.9179493621869476,0.7806216620550153,0.7487438010258596,0.6506118529504284,0.5229428157045207,0.7032814262084571,0.5498927251356305
moe_balance,use_data/MODEL_8x7b-TP_1-PP_8-EP_8-SP_0-OPTIM_no_shard-RECOMPUTE_0-OVERLAP_GR_0-EXPERT_NUM_8-ETP_1-MICRO_BATCH_SIZE_4-GLOBAL_BATCH_64-MOE_BALANCE_1,START_27,communication,symmetric,0.9141504137843794,0.9141504137843794,0.953453145433582,0.9649169400449383,0.9798518284763069,0.893382249175347,0.9679321154280651,0.9912483043593676,0.9048248499818967,0.7529562828080284,0.9981711530751183,0.8292368318112927
moe_balance,use_data/MODEL_8x7b-TP_1-PP_8-EP_8-SP_0-OPTIM_no_shard-RECOMPUTE_0-OVERLAP_GR_0-EXPERT_NUM_8-ETP_1-MICRO_BATCH_SIZE_4-GLOBAL_BATCH_64-MOE_BALANCE_1,START_27,gpu,negative,0.9141504137843794,0.9141504137843794,0.914148690523515,0.914147051042985,0.9141451894042517,0.9141434015148338,0.9141438368164343,0.9141392532577797,0.9141377885863953,0.9141366598752629,0.9141357593074941,0.9141365987789877
moe_balance,use_data/MODEL_8x7b-TP_1-PP_8-EP_8-SP_0-OPTIM_no_shard-RECOMPUTE_0-OVERLAP_GR_0-EXPERT_NUM_8-ETP_1-MICRO_BATCH_SIZE_4-GLOBAL_BATCH_64-MOE_BALANCE_1,START_27,gpu,positive,0.9141504137843794,0.9141504137843794,0.9148794082686792,0.9158701526459451,0.9163541775233686,0.9181171592966006,0.9184780891451179,0.9205240233987905,0.9212421783598599,0.9224233783160242,0.9235756575311351,0.9253175816448356
moe_balance,use_data/MODEL_8x7b-TP_1-PP_8-EP_8-SP_0-OPTIM_no_shard-RECOMPUTE_0-OVERLAP_GR_0-EXPERT_NUM_8-ETP_1-MICRO_BATCH_SIZE_4-GLOBAL_BATCH_64-MOE_BALANCE_1,START_27,gpu,symmetric,0.9141504137843794,0.9141504137843794,0.9145214357428582,0.9147580496780041,0.9150566692831447,0.9156085486834813,0.9159996491464024,0.9156132963671209,0.9166661677679416,0.9170097889326774,0.9171976356250569,0.9189269781692977
moe_balance,use_data/MODEL_8x7b-TP_1-PP_8-EP_8-SP_0-OPTIM_no_shard-RECOMPUTE_0-OVERLAP_GR_0-EXPERT_NUM_8-ETP_1-MICRO_BATCH_SIZE_4-GLOBAL_BATCH_64-MOE_BALANCE_2,START_26,communication,negative,0.9227618693493322,0.9227618693493322,0.9066846882092984,0.8453101730156425,0.7897302322513949,0.8152189021309059,0.7800282904116524,0.7104908916858825,0.8347741033215333,0.6133249350152349,0.7924683857717248,0.6390022337720296
moe_balance,use_data/MODEL_8x7b-TP_1-PP_8-EP_8-SP_0-OPTIM_no_shard-RECOMPUTE_0-OVERLAP_GR_0-EXPERT_NUM_8-ETP_1-MICRO_BATCH_SIZE_4-GLOBAL_BATCH_64-MOE_BALANCE_2,START_26,communication,positive,0.9227618693493322,0.9227618693493322,0.9742045379711435,0.9959540575458343,0.9900469134825278,0.9121817317460966,0.7695695817845232,0.7663670954143621,0.6391016540177923,0.5817767318571416,0.6831864398122609,0.5598587651015176
moe_balance,use_data/MODEL_8x7b-TP_1-PP_8-EP_8-SP_0-OPTIM_no_shard-RECOMPUTE_0-OVERLAP_GR_0-EXPERT_NUM_8-ETP_1-MICRO_BATCH_SIZE_4-GLOBAL_BATCH_64-MOE_BALANCE_2,START_26,communication,symmetric,0.9227618693493322,0.9227618693493322,0.9627774659515963,0.9293780177898707,0.9890642618586576,0.9044380131449915,0.9528821291064818,0.970426771685606,0.8926305835276663,0.7611070515052335,0.9951625357091388,0.8377134013158685
moe_balance,use_data/MODEL_8x7b-TP_1-PP_8-EP_8-SP_0-OPTIM_no_shard-RECOMPUTE_0-OVERLAP_GR_0-EXPERT_NUM_8-ETP_1-MICRO_BATCH_SIZE_4-GLOBAL_BATCH_64-MOE_BALANCE_2,START_26,gpu,negative,0.9227618693493322,0.9227618693493322,0.9227603812474896,0.9227589813190235,0.9227574874077412,0.9227558335929164,0.9227562808741039,0.9227521368087293,0.9227508443347087,0.922749862547303,0.9227491873817969,0.9227496947874126
moe_balance,use_data/MODEL_8x7b-TP_1-PP_8-EP_8-SP_0-OPTIM_no_shard-RECOMPUTE_0-OVERLAP_GR_0-EXPERT_NUM_8-ETP_1-MICRO_BATCH_SIZE_4-GLOBAL_BATCH_64-MOE_BALANCE_2,START_26,gpu,positive,0.9227618693493322,0.9227618693493322,0.9235591916536522,0.924521512877952,0.9250457925082736,0.9267436724246627,0.9272070630194676,0.9290899204592139,0.9298902100655373,0.9309689829047787,0.9322358606917938,0.9339768836356528
moe_balance,use_data/MODEL_8x7b-TP_1-PP_8-EP_8-SP_0-OPTIM_no_shard-RECOMPUTE_0-OVERLAP_GR_0-EXPERT_NUM_8-ETP_1-MICRO_BATCH_SIZE_4-GLOBAL_BATCH_64-MOE_BALANCE_2,START_26,gpu,symmetric,0.9227618693493322,0.9227618693493322,0.9231133860664112,0.9233671855081267,0.9237749941932959,0.9241924307719459,0.9244828057414638,0.9242308755914762,0.9253170342464474,0.9254474159492044,0.9257216545822728,0.9272502374210154
moe_balance,use_data/MODEL_8x7b-TP_1-PP_8-EP_8-SP_0-OPTIM_no_shard-RECOMPUTE_0-OVERLAP_GR_0-EXPERT_NUM_8-ETP_1-MICRO_BATCH_SIZE_4-GLOBAL_BATCH_64-MOE_BALANCE_2,START_27,communication,negative,0.9217231853131059,0.9217231853131059,0.9056460041730723,0.8434224973177052,0.7886915482151687,0.8141802180946796,0.7820960143514748,0.7086032159879454,0.8337354192853071,0.6131046202701818,0.794536109711547,0.6377424867269834
moe_balance,use_data/MODEL_8x7b-TP_1-PP_8-EP_8-SP_0-OPTIM_no_shard-RECOMPUTE_0-OVERLAP_GR_0-EXPERT_NUM_8-ETP_1-MICRO_BATCH_SIZE_4-GLOBAL_BATCH_64-MOE_BALANCE_2,START_27,communication,positive,0.9217231853131059,0.9217231853131059,0.9731658539349172,0.9969927415820606,0.9905945110722613,0.913220415782323,0.7706082658207495,0.7674057794505884,0.6401403380540189,0.5836644075550774,0.681118715872439,0.5611198418543062
moe_balance,use_data/MODEL_8x7b-TP_1-PP_8-EP_8-SP_0-OPTIM_no_shard-RECOMPUTE_0-OVERLAP_GR_0-EXPERT_NUM_8-ETP_1-MICRO_BATCH_SIZE_4-GLOBAL_BATCH_64-MOE_BALANCE_2,START_27,communication,symmetric,0.9217231853131059,0.9217231853131059,0.96173878191537,0.9274903420919335,0.9880255778224312,0.9033993291087654,0.9508144051666599,0.9698791740958724,0.8936692675638926,0.7623681282580221,0.9964206986981524,0.8379337160609222
moe_balance,use_data/MODEL_8x7b-TP_1-PP_8-EP_8-SP_0-OPTIM_no_shard-RECOMPUTE_0-OVERLAP_GR_0-EXPERT_NUM_8-ETP_1-MICRO_BATCH_SIZE_4-GLOBAL_BATCH_64-MOE_BALANCE_2,START_27,gpu,negative,0.9217231853131059,0.9217231853131059,0.9217215186992114,0.9217199749441891,0.9217183301769549,0.9217166940128281,0.9217171403809232,0.9217129802153536,0.9217116954656235,0.9217107427765007,0.921710000127061,0.9217105942919472
moe_balance,use_data/MODEL_8x7b-TP_1-PP_8-EP_8-SP_0-OPTIM_no_shard-RECOMPUTE_0-OVERLAP_GR_0-EXPERT_NUM_8-ETP_1-MICRO_BATCH_SIZE_4-GLOBAL_BATCH_64-MOE_BALANCE_2,START_27,gpu,positive,0.9217231853131059,0.9217231853131059,0.9225151718770137,0.9234748923667646,0.9239886263158665,0.9257904737339827,0.9261634985454144,0.9281872002176778,0.9289952089242381,0.9300384681445314,0.9312524855813209,0.9328731959421959
moe_balance,use_data/MODEL_8x7b-TP_1-PP_8-EP_8-SP_0-OPTIM_no_shard-RECOMPUTE_0-OVERLAP_GR_0-EXPERT_NUM_8-ETP_1-MICRO_BATCH_SIZE_4-GLOBAL_BATCH_64-MOE_BALANCE_2,START_27,gpu,symmetric,0.9217231853131059,0.9217231853131059,0.9220667695561218,0.9223267059869978,0.9227359855456891,0.9231482563932538,0.9235578133771052,0.9231847126366199,0.9242836950026828,0.9244095278844634,0.9247039625430304,0.9262388219062334
moe_balance,use_data/MODEL_8x7b-TP_1-PP_8-EP_8-SP_0-OPTIM_no_shard-RECOMPUTE_0-OVERLAP_GR_0-EXPERT_NUM_8-ETP_1-MICRO_BATCH_SIZE_4-GLOBAL_BATCH_64-MOE_BALANCE_3,START_26,communication,negative,0.9258409923455275,0.9258409923455275,0.910147762450003,0.8336375790340439,0.7920950798118717,0.8156132076723732,0.779063844600783,0.7003683562556066,0.8382773628812231,0.6033778228399229,0.7951517373183595,0.6266263158235744
moe_balance,use_data/MODEL_8x7b-TP_1-PP_8-EP_8-SP_0-OPTIM_no_shard-RECOMPUTE_0-OVERLAP_GR_0-EXPERT_NUM_8-ETP_1-MICRO_BATCH_SIZE_4-GLOBAL_BATCH_64-MOE_BALANCE_3,START_26,communication,positive,0.9258409923455275,0.9258409923455275,0.977269961834684,0.9925255188725411,0.9916174884739068,0.9103926217568764,0.7639872796083621,0.7636379689561299,0.6325280462479368,0.6001458438662592,0.6782434012908405,0.5783869277876854
moe_balance,use_data/MODEL_8x7b-TP_1-PP_8-EP_8-SP_0-OPTIM_no_shard-RECOMPUTE_0-OVERLAP_GR_0-EXPERT_NUM_8-ETP_1-MICRO_BATCH_SIZE_4-GLOBAL_BATCH_64-MOE_BALANCE_3,START_26,communication,symmetric,0.9258409923455275,0.9258409923455275,0.965839938330524,0.9281411682649771,0.9924103801418297,0.9092030222024758,0.9497290794213771,0.9697429355933777,0.8807132014013228,0.7786108610689797,0.9937155046187895,0.8400775751568048
moe_balance,use_data/MODEL_8x7b-TP_1-PP_8-EP_8-SP_0-OPTIM_no_shard-RECOMPUTE_0-OVERLAP_GR_0-EXPERT_NUM_8-ETP_1-MICRO_BATCH_SIZE_4-GLOBAL_BATCH_64-MOE_BALANCE_3,START_26,gpu,negative,0.9258409923455275,0.9258409923455275,0.9258395454042357,0.92583817598258,0.9258367767044654,0.925835358109312,0.9258356367203213,0.9258321712765252,0.9258308037057287,0.9258299666479091,0.9258294632306874,0.9258298496922227
moe_balance,use_data/MODEL_8x7b-TP_1-PP_8-EP_8-SP_0-OPTIM_no_shard-RECOMPUTE_0-OVERLAP_GR_0-EXPERT_NUM_8-ETP_1-MICRO_BATCH_SIZE_4-GLOBAL_BATCH_64-MOE_BALANCE_3,START_26,gpu,positive,0.9258409923455275,0.9258409923455275,0.926686337617154,0.927669676227162,0.9281882511899455,0.9300360086955384,0.9304990755916022,0.9324288971397428,0.9332190173079018,0.9342049167746259,0.9355141197870993,0.9373439340109913
moe_balance,use_data/MODEL_8x7b-TP_1-PP_8-EP_8-SP_0-OPTIM_no_shard-RECOMPUTE_0-OVERLAP_GR_0-EXPERT_NUM_8-ETP_1-MICRO_BATCH_SIZE_4-GLOBAL_BATCH_64-MOE_BALANCE_3,START_26,gpu,symmetric,0.9258409923455275,0.9258409923455275,0.926162763589896,0.9264402293771145,0.9269343682004375,0.927341884799903,0.9277063623834824,0.9275475854883451,0.9284305578610812,0.9285114221790741,0.9289156907659519,0.9309168608457853
moe_balance,use_data/MODEL_8x7b-TP_1-PP_8-EP_8-SP_0-OPTIM_no_shard-RECOMPUTE_0-OVERLAP_GR_0-EXPERT_NUM_8-ETP_1-MICRO_BATCH_SIZE_4-GLOBAL_BATCH_64-MOE_BALANCE_3,START_27,communication,negative,0.9247507655799543,0.9247507655799543,0.9090575356844298,0.8332309972945293,0.7910048530462989,0.8145229809068003,0.7822705589717532,0.6999617745160921,0.8371871361156503,0.6026292962498413,0.7983584516893295,0.6301886814069542
moe_balance,use_data/MODEL_8x7b-TP_1-PP_8-EP_8-SP_0-OPTIM_no_shard-RECOMPUTE_0-OVERLAP_GR_0-EXPERT_NUM_8-ETP_1-MICRO_BATCH_SIZE_4-GLOBAL_BATCH_64-MOE_BALANCE_3,START_27,communication,positive,0.9247507655799543,0.9247507655799543,0.9761797350691113,0.9936157456381143,0.9906986854659415,0.9114828485224493,0.765077506373935,0.7647281957217029,0.6336182730135098,0.6005524256057735,0.6750366869198696,0.5752336825400537
moe_balance,use_data/MODEL_8x7b-TP_1-PP_8-EP_8-SP_0-OPTIM_no_shard-RECOMPUTE_0-OVERLAP_GR_0-EXPERT_NUM_8-ETP_1-MICRO_BATCH_SIZE_4-GLOBAL_BATCH_64-MOE_BALANCE_3,START_27,communication,symmetric,0.9247507655799543,0.9247507655799543,0.9647497115649513,0.9270509414994038,0.9913201533762565,0.9081127954369027,0.9465223650504068,0.9706617386013434,0.8818034281668955,0.7754576158213479,0.9972384388659213,0.8408261017468863
moe_balance,use_data/MODEL_8x7b-TP_1-PP_8-EP_8-SP_0-OPTIM_no_shard-RECOMPUTE_0-OVERLAP_GR_0-EXPERT_NUM_8-ETP_1-MICRO_BATCH_SIZE_4-GLOBAL_BATCH_64-MOE_BALANCE_3,START_27,gpu,negative,0.9247507655799543,0.9247507655799543,0.9247495651842863,0.9247483580534549,0.9247470529124044,0.9247456361383136,0.9247460166708114,0.924742413113391,0.9247412757581984,0.9247404393248893,0.9247398886482058,0.9247402977125251
moe_balance,use_data/MODEL_8x7b-TP_1-PP_8-EP_8-SP_0-OPTIM_no_shard-RECOMPUTE_0-OVERLAP_GR_0-EXPERT_NUM_8-ETP_1-MICRO_BATCH_SIZE_4-GLOBAL_BATCH_64-MOE_BALANCE_3,START_27,gpu,positive,0.9247507655799543,0.9247507655799543,0.9255854824117848,0.9265706613570652,0.9270896026633113,0.9289371291565212,0.9294003241515214,0.9313437259386197,0.9321143572872963,0.9331009321460403,0.9344211927042678,0.9362496104940019
moe_balance,use_data/MODEL_8x7b-TP_1-PP_8-EP_8-SP_0-OPTIM_no_shard-RECOMPUTE_0-OVERLAP_GR_0-EXPERT_NUM_8-ETP_1-MICRO_BATCH_SIZE_4-GLOBAL_BATCH_64-MOE_BALANCE_3,START_27,gpu,symmetric,0.9247507655799543,0.9247507655799543,0.9250697384897977,0.9253449916045187,0.9258403613224813,0.9262536497357393,0.9266138609911168,0.9264569777991143,0.9273293693796597,0.9274161186668038,0.9278176013477916,0.9298295368000595
moe_balance,use_data/MODEL_8x7b-TP_1-PP_8-EP_8-SP_0-OPTIM_no_shard-RECOMPUTE_0-OVERLAP_GR_0-EXPERT_NUM_8-ETP_1-MICRO_BATCH_SIZE_4-GLOBAL_BATCH_64-MOE_BALANCE_4,START_26,communication,negative,0.9258725391947212,0.9258725391947212,0.9102309491831189,0.8439988877898991,0.7924950987145111,0.816212063746142,0.7854500079768573,0.7091211059113021,0.8392789664535122,0.606590216642088,0.8019454854628182,0.6308082573548894
moe_balance,use_data/MODEL_8x7b-TP_1-PP_8-EP_8-SP_0-OPTIM_no_shard-RECOMPUTE_0-OVERLAP_GR_0-EXPERT_NUM_8-ETP_1-MICRO_BATCH_SIZE_4-GLOBAL_BATCH_64-MOE_BALANCE_4,START_26,communication,positive,0.9258725391947212,0.9258725391947212,0.9771916763830576,0.9928599198100354,0.9895968824287786,0.9112671754397961,0.764521674812855,0.7638486389653985,0.634092282643494,0.5831118218585908,0.6685360170633625,0.5637322792092314
moe_balance,use_data/MODEL_8x7b-TP_1-PP_8-EP_8-SP_0-OPTIM_no_shard-RECOMPUTE_0-OVERLAP_GR_0-EXPERT_NUM_8-ETP_1-MICRO_BATCH_SIZE_4-GLOBAL_BATCH_64-MOE_BALANCE_4,START_26,communication,symmetric,0.9258725391947212,0.9258725391947212,0.9660704238436053,0.9285647925971557,0.9925258688338104,0.9100046923394228,0.9414975175899153,0.9753367244193266,0.8821501431538645,0.763162462912194,0.9932147420577103,0.8382284970812135
moe_balance,use_data/MODEL_8x7b-TP_1-PP_8-EP_8-SP_0-OPTIM_no_shard-RECOMPUTE_0-OVERLAP_GR_0-EXPERT_NUM_8-ETP_1-MICRO_BATCH_SIZE_4-GLOBAL_BATCH_64-MOE_BALANCE_4,START_26,gpu,negative,0.9258725391947212,0.9258725391947212,0.9258714496642809,0.9258703212847789,0.9258689862771821,0.9258679939437908,0.9258682061947474,0.9258653500149093,0.9258640054791986,0.9258637191524836,0.9258639601240634,0.925862698902132
moe_balance,use_data/MODEL_8x7b-TP_1-PP_8-EP_8-SP_0-OPTIM_no_shard-RECOMPUTE_0-OVERLAP_GR_0-EXPERT_NUM_8-ETP_1-MICRO_BATCH_SIZE_4-GLOBAL_BATCH_64-MOE_BALANCE_4,START_26,gpu,positive,0.9258725391947212,0.9258725391947212,0.9266760754742159,0.9275984149099147,0.928059466520904,0.9298190481630643,0.9302903163609089,0.9320365384873263,0.9328295082325689,0.9337048462579445,0.9349884204502531,0.9366678525369472
moe_balance,use_data/MODEL_8x7b-TP_1-PP_8-EP_8-SP_0-OPTIM_no_shard-RECOMPUTE_0-OVERLAP_GR_0-EXPERT_NUM_8-ETP_1-MICRO_BATCH_SIZE_4-GLOBAL_BATCH_64-MOE_BALANCE_4,START_26,gpu,symmetric,0.9258725391947212,0.9258725391947212,0.9261739643567557,0.9264519707714243,0.9269090284727604,0.9272847074467292,0.9276426886476319,0.9275048809159021,0.9283335422678013,0.9283603719565344,0.9287919390018942,0.9307235833265667
moe_balance,use_data/MODEL_8x7b-TP_1-PP_8-EP_8-SP_0-OPTIM_no_shard-RECOMPUTE_0-OVERLAP_GR_0-EXPERT_NUM_8-ETP_1-MICRO_BATCH_SIZE_4-GLOBAL_BATCH_64-MOE_BALANCE_4,START_27,communication,negative,0.9276394918406752,0.9276394918406752,0.9119979018290729,0.8443636835515188,0.794259949144795,0.8179645751923353,0.7860160024107,0.709485901672922,0.8410314778997054,0.6060648676438121,0.8025114798966612,0.6302384376864743
moe_balance,use_data/MODEL_8x7b-TP_1-PP_8-EP_8-SP_0-OPTIM_no_shard-RECOMPUTE_0-OVERLAP_GR_0-EXPERT_NUM_8-ETP_1-MICRO_BATCH_SIZE_4-GLOBAL_BATCH_64-MOE_BALANCE_4,START_27,communication,positive,0.9276394918406752,0.9276394918406752,0.9789586290290115,0.9910929671640816,0.9885343347264641,0.9095002227938422,0.762754722166901,0.7620816863194446,0.6323253299975401,0.5827470260969698,0.6679700226295195,0.5629417041710965
moe_balance,use_data/MODEL_8x7b-TP_1-PP_8-EP_8-SP_0-OPTIM_no_shard-RECOMPUTE_0-OVERLAP_GR_0-EXPERT_NUM_8-ETP_1-MICRO_BATCH_SIZE_4-GLOBAL_BATCH_64-MOE_BALANCE_4,START_27,communication,symmetric,0.9276394918406752,0.9276394918406752,0.9678373764895591,0.9303317452431096,0.9942888971619321,0.9117716449853768,0.9409315231560723,0.9763992721216415,0.8803831905079105,0.7623718878740592,0.9926393139328908,0.8387449593138652
moe_balance,use_data/MODEL_8x7b-TP_1-PP_8-EP_8-SP_0-OPTIM_no_shard-RECOMPUTE_0-OVERLAP_GR_0-EXPERT_NUM_8-ETP_1-MICRO_BATCH_SIZE_4-GLOBAL_BATCH_64-MOE_BALANCE_4,START_27,gpu,negative,0.9276394918406752,0.9276394918406752,0.9276384943586797,0.9276374587239026,0.9276361345151577,0.9276350494200485,0.9276352451555968,0.9276323828255345,0.9276309156368366,0.9276306265384954,0.9276309598423458,0.9276296481479439
moe_balance,use_data/MODEL_8x7b-TP_1-PP_8-EP_8-SP_0-OPTIM_no_shard-RECOMPUTE_0-OVERLAP_GR_0-EXPERT_NUM_8-ETP_1-MICRO_BATCH_SIZE_4-GLOBAL_BATCH_64-MOE_BALANCE_4,START_27,gpu,positive,0.9276394918406752,0.9276394918406752,0.9284466352263488,0.9293798039932692,0.9298513422724471,0.9316235595825235,0.9320893495601497,0.9338755977380137,0.9346609000874712,0.9355556758666876,0.9368450479398491,0.9385444971874948
moe_balance,use_data/MODEL_8x7b-TP_1-PP_8-EP_8-SP_0-OPTIM_no_shard-RECOMPUTE_0-OVERLAP_GR_0-EXPERT_NUM_8-ETP_1-MICRO_BATCH_SIZE_4-GLOBAL_BATCH_64-MOE_BALANCE_4,START_27,gpu,symmetric,0.9276394918406752,0.9276394918406752,0.9279432748824739,0.928221177990204,0.9286868311084507,0.9290680539498681,0.9294198656838221,0.9293002590717794,0.9301180779830289,0.9301683215833898,0.9305836757607195,0.9325239441286017
moe_balance,use_data/MODEL_8x7b-TP_1-PP_8-EP_8-SP_0-OPTIM_no_shard-RECOMPUTE_0-OVERLAP_GR_0-EXPERT_NUM_8-ETP_1-MICRO_BATCH_SIZE_4-GLOBAL_BATCH_64-MOE_BALANCE_5,START_26,communication,negative,0.9301926038324939,0.9301926038324939,0.9146367030035587,0.8515661576250979,0.7963788162683588,0.8205379209351228,0.7978316180610234,0.715275632433509,0.8441526168398474,0.615460777062991,0.8043715396124201,0.6345411846937437
moe_balance,use_data/MODEL_8x7b-TP_1-PP_8-EP_8-SP_0-OPTIM_no_shard-RECOMPUTE_0-OVERLAP_GR_0-EXPERT_NUM_8-ETP_1-MICRO_BATCH_SIZE_4-GLOBAL_BATCH_64-MOE_BALANCE_5,START_26,communication,positive,0.9301926038324939,0.9301926038324939,0.9816736706286172,0.9886192475517542,0.9846026608033401,0.9073851094001126,0.7592412177458894,0.7590189838327577,0.629334306499827,0.5695633595501984,0.6644729457597003,0.5494922688376651
moe_balance,use_data/MODEL_8x7b-TP_1-PP_8-EP_8-SP_0-OPTIM_no_shard-RECOMPUTE_0-OVERLAP_GR_0-EXPERT_NUM_8-ETP_1-MICRO_BATCH_SIZE_4-GLOBAL_BATCH_64-MOE_BALANCE_5,START_26,communication,symmetric,0.9301926038324939,0.9301926038324939,0.9707388994410652,0.9365107911782772,0.9973022754602239,0.9158333724361438,0.9382873845778621,0.9799014749756528,0.8770683170668157,0.7503780923674893,0.9980081238075535,0.8290839018001164
moe_balance,use_data/MODEL_8x7b-TP_1-PP_8-EP_8-SP_0-OPTIM_no_shard-RECOMPUTE_0-OVERLAP_GR_0-EXPERT_NUM_8-ETP_1-MICRO_BATCH_SIZE_4-GLOBAL_BATCH_64-MOE_BALANCE_5,START_26,gpu,negative,0.9301926038324939,0.9301926038324939,0.9301914271556552,0.93019034815128,0.9301892583512669,0.9301880903818591,0.9301884143214794,0.9301853865590672,0.9301844007401321,0.9301837038187141,0.9301831166886223,0.9301834216631394
moe_balance,use_data/MODEL_8x7b-TP_1-PP_8-EP_8-SP_0-OPTIM_no_shard-RECOMPUTE_0-OVERLAP_GR_0-EXPERT_NUM_8-ETP_1-MICRO_BATCH_SIZE_4-GLOBAL_BATCH_64-MOE_BALANCE_5,START_26,gpu,positive,0.9301926038324939,0.9301926038324939,0.9309631649088099,0.9318381274361254,0.9322479488849791,0.9339321996485767,0.9343789853151684,0.9360011983958758,0.9367790173805255,0.9375798542835788,0.9387163711252173,0.9403725257841078
moe_balance,use_data/MODEL_8x7b-TP_1-PP_8-EP_8-SP_0-OPTIM_no_shard-RECOMPUTE_0-OVERLAP_GR_0-EXPERT_NUM_8-ETP_1-MICRO_BATCH_SIZE_4-GLOBAL_BATCH_64-MOE_BALANCE_5,START_26,gpu,symmetric,0.9301926038324939,0.9301926038324939,0.9304812302060357,0.9307573714073636,0.9311801860500913,0.9315481772783911,0.9318850932664707,0.9317704387297111,0.9325604232740008,0.9325547983721696,0.9329395057228687,0.9347170020134506
moe_balance,use_data/MODEL_8x7b-TP_1-PP_8-EP_8-SP_0-OPTIM_no_shard-RECOMPUTE_0-OVERLAP_GR_0-EXPERT_NUM_8-ETP_1-MICRO_BATCH_SIZE_4-GLOBAL_BATCH_64-MOE_BALANCE_5,START_27,communication,negative,0.9306663096223262,0.9306663096223262,0.9151104087933912,0.8528094015078385,0.7968525220581913,0.8210116267249555,0.7942893258293413,0.7165188763162469,0.8446263226296801,0.6119184848313091,0.8041239741751895,0.6344766448824322
moe_balance,use_data/MODEL_8x7b-TP_1-PP_8-EP_8-SP_0-OPTIM_no_shard-RECOMPUTE_0-OVERLAP_GR_0-EXPERT_NUM_8-ETP_1-MICRO_BATCH_SIZE_4-GLOBAL_BATCH_64-MOE_BALANCE_5,START_27,communication,positive,0.9306663096223262,0.9306663096223262,0.9821473764184498,0.9881455417619218,0.9836820661360958,0.9069114036102801,0.7587675119560569,0.7585452780429253,0.6288606007099943,0.5683201156674579,0.6647205111969307,0.5503597899240265
moe_balance,use_data/MODEL_8x7b-TP_1-PP_8-EP_8-SP_0-OPTIM_no_shard-RECOMPUTE_0-OVERLAP_GR_0-EXPERT_NUM_8-ETP_1-MICRO_BATCH_SIZE_4-GLOBAL_BATCH_64-MOE_BALANCE_5,START_27,communication,symmetric,0.9306663096223262,0.9306663096223262,0.9712126052308977,0.9377540350610177,0.9977759812500565,0.9163070782259763,0.9385349500150924,0.9808220696428973,0.8765946112769829,0.7512456134538507,0.9979382653935771,0.829920605698071
moe_balance,use_data/MODEL_8x7b-TP_1-PP_8-EP_8-SP_0-OPTIM_no_shard-RECOMPUTE_0-OVERLAP_GR_0-EXPERT_NUM_8-ETP_1-MICRO_BATCH_SIZE_4-GLOBAL_BATCH_64-MOE_BALANCE_5,START_27,gpu,negative,0.9306663096223262,0.9306663096223262,0.9306652571988854,0.9306642544028513,0.9306631817723483,0.9306619773875819,0.9306622980261582,0.9306593436134056,0.9306583902598589,0.930657695181235,0.9306572094772344,0.9306575661269022
moe_balance,use_data/MODEL_8x7b-TP_1-PP_8-EP_8-SP_0-OPTIM_no_shard-RECOMPUTE_0-OVERLAP_GR_0-EXPERT_NUM_8-ETP_1-MICRO_BATCH_SIZE_4-GLOBAL_BATCH_64-MOE_BALANCE_5,START_27,gpu,positive,0.9306663096223262,0.9306663096223262,0.931429864162483,0.9322979947964649,0.9327163517605108,0.9344026679969403,0.9348470403972853,0.9364745474696695,0.9372800346019511,0.9380494291506248,0.9392607666493843,0.9408590761146699
moe_balance,use_data/MODEL_8x7b-TP_1-PP_8-EP_8-SP_0-OPTIM_no_shard-RECOMPUTE_0-OVERLAP_GR_0-EXPERT_NUM_8-ETP_1-MICRO_BATCH_SIZE_4-GLOBAL_BATCH_64-MOE_BALANCE_5,START_27,gpu,symmetric,0.9306663096223262,0.9306663096223262,0.9309430672025935,0.9312227793814304,0.9316499268645281,0.9319989702699153,0.932355842120183,0.9322265021687313,0.9330078870402086,0.9329905875565937,0.9334021550791023,0.935247363612163
paper_data,GPT-MODEL_13b-TP_8-PP_8-SP_0-OPTIM_no_shard-RECOMPUTE_0-OVERLAP_GR_0-MICRO_BATCH_2-GLOBAL_BATCH_32,START_3_para,communication,negative,0.9461545370811844,0.9461545370811844,0.9782798671708316,0.9995034271673079,0.9872620989298315,0.9300966617826155,0.971343821281885,0.8986579838611298,0.9273273037487072,0.9242037543927666,0.8635518851081366,0.8535564875740524
paper_data,GPT-MODEL_13b-TP_8-PP_8-SP_0-OPTIM_no_shard-RECOMPUTE_0-OVERLAP_GR_0-MICRO_BATCH_2-GLOBAL_BATCH_32,START_3_para,communication,positive,0.9461545370811844,0.9461545370811844,0.9105785882577478,0.8762033744050224,0.8801557453336895,0.8322673526270887,0.8225102807459865,0.805053667905636,0.7551659188494511,0.7089695168037565,0.7558476269004631,0.6756016849046895
paper_data,GPT-MODEL_13b-TP_8-PP_8-SP_0-OPTIM_no_shard-RECOMPUTE_0-OVERLAP_GR_0-MICRO_BATCH_2-GLOBAL_BATCH_32,START_3_para,communication,symmetric,0.9461545370811844,0.9461545370811844,0.9531319379717137,0.947906367335336,0.9511720798896501,0.9504639966421883,0.911630114562539,0.9165639117528038,0.8895626711525849,0.8385354663535289,0.8560279003947499,0.8682157453808068
paper_data,GPT-MODEL_13b-TP_8-PP_8-SP_0-OPTIM_no_shard-RECOMPUTE_0-OVERLAP_GR_0-MICRO_BATCH_2-GLOBAL_BATCH_32,START_3_para,gpu,negative,0.9461545370811844,0.9461545370811844,0.9461545370811844,0.9461545370811844,0.9461545370811844,0.9461545370811844,0.9461545370811844,0.9461545370811844,0.9461545370811844,0.9461545370811844,0.9461545370811844,0.9461545370811844
paper_data,GPT-MODEL_13b-TP_8-PP_8-SP_0-OPTIM_no_shard-RECOMPUTE_0-OVERLAP_GR_0-MICRO_BATCH_2-GLOBAL_BATCH_32,START_3_para,gpu,positive,0.9461545370811844,0.9461545370811844,0.9461545370811844,0.9461545370811844,0.9461545370811844,0.9461545370811844,0.9461545370811844,0.9461545370811844,0.9461545370811844,0.9461545370811844,0.9461463041986978,0.9461307493663631
paper_data,GPT-MODEL_13b-TP_8-PP_8-SP_0-OPTIM_no_shard-RECOMPUTE_0-OVERLAP_GR_0-MICRO_BATCH_2-GLOBAL_BATCH_32,START_3_para,gpu,symmetric,0.9461545370811844,0.9461545370811844,0.9461545370811844,0.9461545370811844,0.9461545370811844,0.9461545370811844,0.9461545370811844,0.9461545370811844,0.9461545370811844,0.9461545370811844,0.9461545370811844,0.9461534327600594
paper_data,GPT-MODEL_13b-TP_8-PP_8-SP_0-OPTIM_no_shard-RECOMPUTE_0-OVERLAP_GR_0-MICRO_BATCH_2-GLOBAL_BATCH_32,START_5_para,communication,negative,0.9710899563566654,0.9710899563566654,0.9967847135536874,0.9755611535572112,0.96238060013311,0.9093840565163712,0.9458650945160023,0.8913584445913152,0.8717663416878951,0.9577182077773047,0.8150075790550122,0.8489745602279639
paper_data,GPT-MODEL_13b-TP_8-PP_8-SP_0-OPTIM_no_shard-RECOMPUTE_0-OVERLAP_GR_0-MICRO_BATCH_2-GLOBAL_BATCH_32,START_5_para,communication,positive,0.9710899563566654,0.9710899563566654,0.9355140075332289,0.9010802117084904,0.9050748619400787,0.8569805077622293,0.8473659882638067,0.8211532044275445,0.7796970136689606,0.7336565864756224,0.7467592552270569,0.7057782588972646
paper_data,GPT-MODEL_13b-TP_8-PP_8-SP_0-OPTIM_no_shard-RECOMPUTE_0-OVERLAP_GR_0-MICRO_BATCH_2-GLOBAL_BATCH_32,START_5_para,communication,symmetric,0.9710899563566654,0.9710899563566654,0.9780399296013066,0.9728393801621485,0.9761114049936374,0.9752393354106502,0.9366756985635553,0.9550284128079987,0.9144082685126778,0.826229484135888,0.8440866221305149,0.8860483637542961
paper_data,GPT-MODEL_13b-TP_8-PP_8-SP_0-OPTIM_no_shard-RECOMPUTE_0-OVERLAP_GR_0-MICRO_BATCH_2-GLOBAL_BATCH_32,START_5_para,gpu,negative,0.9710899563566654,0.9710899563566654,0.9710899563566654,0.9710899563566654,0.9710899563566654,0.9710899563566654,0.9710899563566654,0.9710899563566654,0.9710899563566654,0.9710899563566654,0.9710899563566654,0.9710899563566654
paper_data,GPT-MODEL_13b-TP_8-PP_8-SP_0-OPTIM_no_shard-RECOMPUTE_0-OVERLAP_GR_0-MICRO_BATCH_2-GLOBAL_BATCH_32,START_5_para,gpu,positive,0.9710899563566654,0.9710899563566654,0.9710899563566654,0.9710899563566654,0.9710899563566654,0.9710899563566654,0.9710899563566654,0.9710899563566654,0.97108248417106,0.9710596017776723,0.9709858016644193,0.9709151983278417
paper_data,GPT-MODEL_13b-TP_8-PP_8-SP_0-OPTIM_no_shard-RECOMPUTE_0-OVERLAP_GR_0-MICRO_BATCH_2-GLOBAL_BATCH_32,START_5_para,gpu,symmetric,0.9710899563566654,0.9710899563566654,0.9710899563566654,0.9710899563566654,0.9710899563566654,0.9710899563566654,0.9710899563566654,0.9710899563566654,0.9710899563566654,0.9710859501373895,0.9710746896305542,0.9710190046348036
paper_data,GPT-MODEL_175b-TP_8-PP_8-SP_0-OPTIM_no_shard-RECOMPUTE_0-OVERLAP_GR_0-MICRO_BATCH_1-GLOBAL_BATCH_8,START_3_para,communication,negative,0.9586582969550371,0.9586582969550371,0.9362736509707447,0.9196780808783163,0.887267947700864,0.910424077665372,0.8305810580363506,0.8464681350642804,0.8286006368867396,0.8136329666152662,0.7715976042573678,0.8219820510432374
paper_data,GPT-MODEL_175b-TP_8-PP_8-SP_0-OPTIM_no_shard-RECOMPUTE_0-OVERLAP_GR_0-MICRO_BATCH_1-GLOBAL_BATCH_8,START_3_para,communication,positive,0.9586582969550371,0.9586582969550371,0.9872667986434531,0.9919798431525813,0.9371249992787261,0.9420157620441453,0.9181533772122161,0.8267504084364428,0.7658569275284415,0.8095369377653203,0.7501696286945122,0.737295652583958
paper_data,GPT-MODEL_175b-TP_8-PP_8-SP_0-OPTIM_no_shard-RECOMPUTE_0-OVERLAP_GR_0-MICRO_BATCH_1-GLOBAL_BATCH_8,START_3_para,communication,symmetric,0.9586582969550371,0.9586582969550371,0.9848026317984248,0.9338890792610368,0.9915473461328447,0.9475887786358411,0.9823255659506138,0.9129610025784402,0.9980177338023137,0.9576587730934918,0.8881309521530939,0.8009719117164158
paper_data,GPT-MODEL_175b-TP_8-PP_8-SP_0-OPTIM_no_shard-RECOMPUTE_0-OVERLAP_GR_0-MICRO_BATCH_1-GLOBAL_BATCH_8,START_3_para,gpu,negative,0.9586582969550371,0.9586582969550371,0.9586582969550371,0.9586582969550371,0.9586582969550371,0.9586582969550371,0.9586582969550371,0.9586582969550371,0.9586582969550371,0.9586582969550371,0.9586582969550371,0.9586582969550371
paper_data,GPT-MODEL_175b-TP_8-PP_8-SP_0-OPTIM_no_shard-RECOMPUTE_0-OVERLAP_GR_0-MICRO_BATCH_1-GLOBAL_BATCH_8,START_3_para,gpu,positive,0.9586582969550371,0.9586582969550371,0.9608854960760749,0.9633320932545892,0.9661664046674514,0.9697994504995631,0.9729718159812655,0.9765547882439318,0.9791579955105626,0.9831423775533003,0.9869199975673683,0.9913132654081378
paper_data,GPT-MODEL_175b-TP_8-PP_8-SP_0-OPTIM_no_shard-RECOMPUTE_0-OVERLAP_GR_0-MICRO_BATCH_1-GLOBAL_BATCH_8,START_3_para,gpu,symmetric,0.9586582969550371,0.9586582969550371,0.9596713296164097,0.9606217987133419,0.9622557059768744,0.9633650529607032,0.9647979584648263,0.9654515004760944,0.9680586044449149,0.9689142412592348,0.9691387206374898,0.9725997911257911
paper_data,GPT-MODEL_175b-TP_8-PP_8-SP_0-OPTIM_no_shard-RECOMPUTE_0-OVERLAP_GR_0-MICRO_BATCH_1-GLOBAL_BATCH_8,START_5_para,communication,negative,0.9631874681287973,0.9631874681287973,0.9285662500008202,0.9249567362766722,0.8738551858686046,0.9228213210618292,0.8400479984068574,0.8588703117189542,0.8137259523544302,0.8260507450309132,0.7840076541488106,0.8325608218435341
paper_data,GPT-MODEL_175b-TP_8-PP_8-SP_0-OPTIM_no_shard-RECOMPUTE_0-OVERLAP_GR_0-MICRO_BATCH_1-GLOBAL_BATCH_8,START_5_para,communication,positive,0.9631874681287973,0.9631874681287973,0.9996441739319372,0.992007265849892,0.951994450154048,0.9398681534238784,0.9105250452127654,0.8143730331479591,0.7534742308951501,0.7971542411320289,0.764877937341762,0.7249129559506666
paper_data,GPT-MODEL_175b-TP_8-PP_8-SP_0-OPTIM_no_shard-RECOMPUTE_0-OVERLAP_GR_0-MICRO_BATCH_1-GLOBAL_BATCH_8,START_5_para,communication,symmetric,0.9631874681287973,0.9631874681287973,0.9685002865655868,0.9462724975406149,0.9821941382845703,0.9351995953743923,0.989702954588759,0.9005657180567093,0.9856579687163192,0.9558827918690196,0.8792189761210807,0.8076924868291498
paper_data,GPT-MODEL_175b-TP_8-PP_8-SP_0-OPTIM_no_shard-RECOMPUTE_0-OVERLAP_GR_0-MICRO_BATCH_1-GLOBAL_BATCH_8,START_5_para,gpu,negative,0.9631874681287973,0.9631874681287973,0.9631874162512635,0.963187368337172,0.9631873263525855,0.9631873865510592,0.9631874564552465,0.9631872498911483,0.9631873438615146,0.963187127380361,0.9631872398383372,0.9631873243595327
paper_data,GPT-MODEL_175b-TP_8-PP_8-SP_0-OPTIM_no_shard-RECOMPUTE_0-OVERLAP_GR_0-MICRO_BATCH_1-GLOBAL_BATCH_8,START_5_para,gpu,positive,0.9631874681287973,0.9631874681287973,0.9648439509542354,0.966677771349392,0.9690524376981103,0.9718855378642797,0.9750628143440924,0.9770913287280621,0.9809397679947212,0.9827217104748693,0.9863438672249031,0.989449674568211
paper_data,GPT-MODEL_175b-TP_8-PP_8-SP_0-OPTIM_no_shard-RECOMPUTE_0-OVERLAP_GR_0-MICRO_BATCH_1-GLOBAL_BATCH_8,START_5_para,gpu,symmetric,0.9631874681287973,0.9631874681287973,0.964016813080201,0.9645131906371999,0.9655113756908172,0.9669571398049757,0.9681088590892665,0.9688712846462507,0.9700581102080663,0.9716322727731337,0.9720317822016753,0.973235217423839
paper_data,Llama-MODEL_70b-TP_8-PP_4-SP_0-OPTIM_no_shard-RECOMPUTE_0-OVERLAP_GR_0-MICRO_BATCH_2-GLOBAL_BATCH_32,START_3,communication,negative,0.9526884062425776,0.9526884062425776,0.9658906484035475,0.9682630728708475,0.9681454855277626,0.988805399173378,0.9732899062065682,0.9844170509284623,0.9542098403902861,0.9767603561636599,0.9952148460790207,0.9848599582009924
paper_data,Llama-MODEL_70b-TP_8-PP_4-SP_0-OPTIM_no_shard-RECOMPUTE_0-OVERLAP_GR_0-MICRO_BATCH_2-GLOBAL_BATCH_32,START_3,communication,positive,0.9526884062425776,0.9526884062425776,0.9390893046223883,0.9306230598029525,0.9043398535993725,0.8844447803867231,0.847859926003992,0.8480548611677104,0.7912891538860886,0.7972077355353727,0.8182676330431006,0.7430892269288645
paper_data,Llama-MODEL_70b-TP_8-PP_4-SP_0-OPTIM_no_shard-RECOMPUTE_0-OVERLAP_GR_0-MICRO_BATCH_2-GLOBAL_BATCH_32,START_3,communication,symmetric,0.9526884062425776,0.9526884062425776,0.9564999138646081,0.954633762237411,0.9478087179987742,0.9372155761520569,0.9027892171854819,0.9440413962864073,0.9524622672990298,0.8432669805911707,0.8742761800763011,0.8433182837181394
paper_data,Llama-MODEL_70b-TP_8-PP_4-SP_0-OPTIM_no_shard-RECOMPUTE_0-OVERLAP_GR_0-MICRO_BATCH_2-GLOBAL_BATCH_32,START_3,gpu,negative,0.9526884062425776,0.9526884062425776,0.9527189178979353,0.9527417730117609,0.9527448502836328,0.9527469811348266,0.9527518933193092,0.9528048362337947,0.95279044245148,0.9528107201185126,0.9528541816590982,0.9528260919042257
paper_data,Llama-MODEL_70b-TP_8-PP_4-SP_0-OPTIM_no_shard-RECOMPUTE_0-OVERLAP_GR_0-MICRO_BATCH_2-GLOBAL_BATCH_32,START_3,gpu,positive,0.9526884062425776,0.9526884062425776,0.951664889070845,0.9503389685594049,0.9480120746140227,0.9461286409741346,0.9433905501611668,0.9406926493076039,0.9380907036975845,0.9366778866622871,0.9315865178575818,0.9296806769977928
paper_data,Llama-MODEL_70b-TP_8-PP_4-SP_0-OPTIM_no_shard-RECOMPUTE_0-OVERLAP_GR_0-MICRO_BATCH_2-GLOBAL_BATCH_32,START_3,gpu,symmetric,0.9526884062425776,0.9526884062425776,0.9522919742593611,0.951720912441929,0.9513126746645268,0.9499480597869014,0.9482265372645389,0.9483602366674271,0.9470057903916034,0.945902433113089,0.9439927126664029,0.9442970746610456
paper_data,Llama-MODEL_70b-TP_8-PP_4-SP_0-OPTIM_no_shard-RECOMPUTE_0-OVERLAP_GR_0-MICRO_BATCH_2-GLOBAL_BATCH_32,START_5,communication,negative,0.9510981808744385,0.9510981808744385,0.9615633604741185,0.9724592711139103,0.9802683785771242,0.9991610510572,0.9689561466544862,0.9721979642160569,0.9418070205417701,0.9819444281528412,0.9828232889462188,0.9891956444274369
paper_data,Llama-MODEL_70b-TP_8-PP_4-SP_0-OPTIM_no_shard-RECOMPUTE_0-OVERLAP_GR_0-MICRO_BATCH_2-GLOBAL_BATCH_32,START_5,communication,positive,0.9510981808744385,0.9510981808744385,0.9356007963931146,0.9218107971271543,0.9000125656699434,0.8881194107556554,0.8598383727113506,0.8407136902520597,0.7869620199589423,0.7883954728595746,0.8166932422366464,0.7468503442140011
paper_data,Llama-MODEL_70b-TP_8-PP_4-SP_0-OPTIM_no_shard-RECOMPUTE_0-OVERLAP_GR_0-MICRO_BATCH_2-GLOBAL_BATCH_32,START_5,communication,symmetric,0.9510981808744385,0.9510981808744385,0.952166154312526,0.9457881015584388,0.9493495439287091,0.9328799369492101,0.9026883663470161,0.9469244729437106,0.9559604189889398,0.8389396926617415,0.8691051198813995,0.8389708179083288
paper_data,Llama-MODEL_70b-TP_8-PP_4-SP_0-OPTIM_no_shard-RECOMPUTE_0-OVERLAP_GR_0-MICRO_BATCH_2-GLOBAL_BATCH_32,START_5,gpu,negative,0.9510981808744385,0.9510981808744385,0.9510981808744385,0.9510981808744385,0.9510981808744385,0.9510981808744385,0.9510981808744385,0.9510981808744385,0.9510981808744385,0.9510981808744385,0.9510981808744385,0.9510981808744385
paper_data,Llama-MODEL_70b-TP_8-PP_4-SP_0-OPTIM_no_shard-RECOMPUTE_0-OVERLAP_GR_0-MICRO_BATCH_2-GLOBAL_BATCH_32,START_5,gpu,positive,0.9510981808744385,0.9510981808744385,0.9507035621581942,0.9500696065112562,0.9487670471096088,0.946677449279092,0.9446872136319985,0.9421113447138639,0.9396473030863448,0.9384730031736498,0.9347603588902412,0.9322782458418988
paper_data,Llama-MODEL_70b-TP_8-PP_4-SP_0-OPTIM_no_shard-RECOMPUTE_0-OVERLAP_GR_0-MICRO_BATCH_2-GLOBAL_BATCH_32,START_5,gpu,symmetric,0.9510981808744385,0.9510981808744385,0.9508947601284956,0.9506516518922038,0.9502860380929773,0.9497195054729085,0.9480011528939709,0.9482634698339122,0.9471643282704304,0.9466056437136052,0.9448253903459324,0.9435403467681767
paper_data,Mixtral8x7b-MODEL_8x7b-TP_1-PP_8-EP_8-SP_0-OPTIM_no_shard-RECOMPUTE_0-OVERLAP_GR_0-EXPERT_NUM_8-ETP_1-MICRO_BATCH_SIZE_4-GLOBAL_BATCH_64-MOE_BALANCE_3,START_26,communication,negative,0.9258409923455275,0.9258409923455275,0.910147762450003,0.8336375790340439,0.7920950798118717,0.8156132076723732,0.779063844600783,0.7003683562556066,0.8382773628812231,0.6033778228399229,0.7951517373183595,0.6266263158235744
paper_data,Mixtral8x7b-MODEL_8x7b-TP_1-PP_8-EP_8-SP_0-OPTIM_no_shard-RECOMPUTE_0-OVERLAP_GR_0-EXPERT_NUM_8-ETP_1-MICRO_BATCH_SIZE_4-GLOBAL_BATCH_64-MOE_BALANCE_3,START_26,communication,positive,0.9258409923455275,0.9258409923455275,0.977269961834684,0.9925255188725411,0.9916174884739068,0.9103926217568764,0.7639872796083621,0.7636379689561299,0.6325280462479368,0.6001458438662592,0.6782434012908405,0.5783869277876854
paper_data,Mixtral8x7b-MODEL_8x7b-TP_1-PP_8-EP_8-SP_0-OPTIM_no_shard-RECOMPUTE_0-OVERLAP_GR_0-EXPERT_NUM_8-ETP_1-MICRO_BATCH_SIZE_4-GLOBAL_BATCH_64-MOE_BALANCE_3,START_26,communication,symmetric,0.9258409923455275,0.9258409923455275,0.965839938330524,0.9281411682649771,0.9924103801418297,0.9092030222024758,0.9497290794213771,0.9697429355933777,0.8807132014013228,0.7786108610689797,0.9937155046187895,0.8400775751568048
paper_data,Mixtral8x7b-MODEL_8x7b-TP_1-PP_8-EP_8-SP_0-OPTIM_no_shard-RECOMPUTE_0-OVERLAP_GR_0-EXPERT_NUM_8-ETP_1-MICRO_BATCH_SIZE_4-GLOBAL_BATCH_64-MOE_BALANCE_3,START_26,gpu,negative,0.9258409923455275,0.9258409923455275,0.9258395454042357,0.92583817598258,0.9258367767044654,0.925835358109312,0.9258356367203213,0.9258321712765252,0.9258308037057287,0.9258299666479091,0.9258294632306874,0.9258298496922227
paper_data,Mixtral8x7b-MODEL_8x7b-TP_1-PP_8-EP_8-SP_0-OPTIM_no_shard-RECOMPUTE_0-OVERLAP_GR_0-EXPERT_NUM_8-ETP_1-MICRO_BATCH_SIZE_4-GLOBAL_BATCH_64-MOE_BALANCE_3,START_26,gpu,positive,0.9258409923455275,0.9258409923455275,0.926686337617154,0.927669676227162,0.9281882511899455,0.9300360086955384,0.9304990755916022,0.9324288971397428,0.9332190173079018,0.9342049167746259,0.9355141197870993,0.9373439340109913
paper_data,Mixtral8x7b-MODEL_8x7b-TP_1-PP_8-EP_8-SP_0-OPTIM_no_shard-RECOMPUTE_0-OVERLAP_GR_0-EXPERT_NUM_8-ETP_1-MICRO_BATCH_SIZE_4-GLOBAL_BATCH_64-MOE_BALANCE_3,START_26,gpu,symmetric,0.9258409923455275,0.9258409923455275,0.926162763589896,0.9264402293771145,0.9269343682004375,0.927341884799903,0.9277063623834824,0.9275475854883451,0.9284305578610812,0.9285114221790741,0.9289156907659519,0.9309168608457853
paper_data,Mixtral8x7b-MODEL_8x7b-TP_1-PP_8-EP_8-SP_0-OPTIM_no_shard-RECOMPUTE_0-OVERLAP_GR_0-EXPERT_NUM_8-ETP_1-MICRO_BATCH_SIZE_4-GLOBAL_BATCH_64-MOE_BALANCE_3,START_27,communication,negative,0.9247507655799543,0.9247507655799543,0.9090575356844298,0.8332309972945293,0.7910048530462989,0.8145229809068003,0.7822705589717532,0.6999617745160921,0.8371871361156503,0.6026292962498413,0.7983584516893295,0.6301886814069542
paper_data,Mixtral8x7b-MODEL_8x7b-TP_1-PP_8-EP_8-SP_0-OPTIM_no_shard-RECOMPUTE_0-OVERLAP_GR_0-EXPERT_NUM_8-ETP_1-MICRO_BATCH_SIZE_4-GLOBAL_BATCH_64-MOE_BALANCE_3,START_27,communication,positive,0.9247507655799543,0.9247507655799543,0.9761797350691113,0.9936157456381143,0.9906986854659415,0.9114828485224493,0.765077506373935,0.7647281957217029,0.6336182730135098,0.6005524256057735,0.6750366869198696,0.5752336825400537
paper_data,Mixtral8x7b-MODEL_8x7b-TP_1-PP_8-EP_8-SP_0-OPTIM_no_shard-RECOMPUTE_0-OVERLAP_GR_0-EXPERT_NUM_8-ETP_1-MICRO_BATCH_SIZE_4-GLOBAL_BATCH_64-MOE_BALANCE_3,START_27,communication,symmetric,0.9247507655799543,0.9247507655799543,0.9647497115649513,0.9270509414994038,0.9913201533762565,0.9081127954369027,0.9465223650504068,0.9706617386013434,0.8818034281668955,0.7754576158213479,0.9972384388659213,0.8408261017468863
paper_data,Mixtral8x7b-MODEL_8x7b-TP_1-PP_8-EP_8-SP_0-OPTIM_no_shard-RECOMPUTE_0-OVERLAP_GR_0-EXPERT_NUM_8-ETP_1-MICRO_BATCH_SIZE_4-GLOBAL_BATCH_64-MOE_BALANCE_3,START_27,gpu,negative,0.9247507655799543,0.9247507655799543,0.9247495651842863,0.9247483580534549,0.9247470529124044,0.9247456361383136,0.9247460166708114,0.924742413113391,0.9247412757581984,0.9247404393248893,0.9247398886482058,0.9247402977125251
paper_data,Mixtral8x7b-MODEL_8x7b-TP_1-PP_8-EP_8-SP_0-OPTIM_no_shard-RECOMPUTE_0-OVERLAP_GR_0-EXPERT_NUM_8-ETP_1-MICRO_BATCH_SIZE_4-GLOBAL_BATCH_64-MOE_BALANCE_3,START_27,gpu,positive,0.9247507655799543,0.9247507655799543,0.9255854824117848,0.9265706613570652,0.9270896026633113,0.9289371291565212,0.9294003241515214,0.9313437259386197,0.9321143572872963,0.9331009321460403,0.9344211927042678,0.9362496104940019
paper_data,Mixtral8x7b-MODEL_8x7b-TP_1-PP_8-EP_8-SP_0-OPTIM_no_shard-RECOMPUTE_0-OVERLAP_GR_0-EXPERT_NUM_8-ETP_1-MICRO_BATCH_SIZE_4-GLOBAL_BATCH_64-MOE_BALANCE_3,START_27,gpu,symmetric,0.9247507655799543,0.9247507655799543,0.9250697384897977,0.9253449916045187,0.9258403613224813,0.9262536497357393,0.9266138609911168,0.9264569777991143,0.9273293693796597,0.9274161186668038,0.9278176013477916,0.9298295368000595
